{
  "best_value": 0.017896114528982664,
  "best_params": {
    "learning_rate": 0.0024388793183773324,
    "batch_size": 32,
    "dropout": 0.05379890278462973,
    "weight_decay": 0.0001695439134883417
  }
}