{
  "best_value": 0.019141257324715565,
  "best_params": {
    "learning_rate": 0.0008420984236839935,
    "batch_size": 16,
    "dropout": 0.05177428856743034,
    "weight_decay": 1.4609835046044094e-05
  }
}