{
  "best_value": 0.020059683113156455,
  "best_params": {
    "learning_rate": 0.0007077023572715657,
    "batch_size": 32,
    "dropout": 0.03321797373762904,
    "weight_decay": 0.0027141293521380635
  }
}