{
  "best_value": 0.019667809427368874,
  "best_params": {
    "learning_rate": 0.0006207962804583573,
    "batch_size": 32,
    "dropout": 0.08518440409920869,
    "weight_decay": 0.0019872356792327156
  }
}