{
  "best_value": 0.02624315690192268,
  "best_params": {
    "learning_rate": 0.0008441349127255004,
    "batch_size": 16,
    "dropout": 0.03774575875560819,
    "weight_decay": 0.00025084277711669037
  }
}