{
  "best_value": 0.0182830362346739,
  "best_params": {
    "learning_rate": 0.0005567830082302225,
    "batch_size": 16,
    "dropout": 0.11136074842839212,
    "weight_decay": 6.38942423563331e-06
  }
}