{
  "best_value": 0.01855215285539481,
  "best_params": {
    "learning_rate": 0.0018332660870188137,
    "batch_size": 32,
    "dropout": 0.18318092164684585,
    "weight_decay": 1.9069966103000435e-05
  }
}