{
  "best_value": 0.02074124689177409,
  "best_params": {
    "learning_rate": 0.021094643039951278,
    "batch_size": 32,
    "dropout": 0.1637462195357859,
    "weight_decay": 3.2368443328371685e-07
  }
}