{
  "best_value": 0.02652041689066097,
  "best_params": {
    "learning_rate": 0.0006744293063150539,
    "batch_size": 16,
    "dropout": 0.07467910665323793,
    "weight_decay": 4.944485361302516e-05
  }
}