{
  "best_value": 0.02401105342019955,
  "best_params": {
    "learning_rate": 0.00024289169469748895,
    "batch_size": 16,
    "dropout": 0.2993292420985183,
    "weight_decay": 6.026889128682512e-07
  }
}